Proximty analysis within 4Ă of ative and PTM W47,,,,,,,,,,,,,,,,
Native structure ,,,,,,,,PTM,,,,,,,,
,,,,,,,,,,,,,,,,
Source Res,Source Atom,Neighbor Res,Neighbor Atom,Chain,Distance (Ă…),,,Source Res,Source Atom,Neighbor Res,Neighbor Atom,Chain,Distance (Ă…),,,
TRP47,NE1,HIS35,ND1,A,3.0720717765052306,,,TRP47,NE1,HIS35,CG,A,3.8819001790360343,,,
TRP47,NE1,HIS35,CE1,A,3.957474699855958,,,TRP47,NE1,HIS35,CD2,A,3.077154204780774,,,
TRP47,C,TRP36,O,A,3.924667629239449,,,TRP47,C,TRP36,O,A,3.924578576102152,,,
TRP47,N,GLU46,N,A,3.443568643137523,,,TRP47,N,GLU46,N,A,3.470683650233769,,,
TRP47,N,GLU46,CA,A,2.424330423024056,,,TRP47,N,GLU46,CA,A,2.423162190196933,,,
TRP47,N,GLU46,C,A,1.327055763711533,,,TRP47,N,GLU46,C,A,1.3222881682901044,,,
TRP47,N,GLU46,O,A,2.2471121467341146,,,TRP47,N,GLU46,O,A,2.2471866856138147,,,
TRP47,N,GLU46,CB,A,3.430408285,,,TRP47,N,GLU46,CB,A,3.383196713169366,,,
TRP47,C,LEU48,N,A,1.3332254122990606,,,TRP47,C,LEU48,N,A,1.3263562869757133,,,
TRP47,C,LEU48,CA,A,2.4392365608935926,,,TRP47,C,LEU48,CA,A,2.4360381770407447,,,
TRP47,C,LEU48,C,A,3.417439538601964,,,TRP47,C,LEU48,C,A,3.3969552543417456,,,
TRP47,C,LEU48,CB,A,3.565026788118148,,,TRP47,C,LEU48,CB,A,3.572240333460222,,,
TRP47,C,LEU48,CG,A,3.7858462726317876,,,TRP47,C,LEU48,CD1,A,3.463519164087301,,,
TRP47,CE2,GLY49,N,A,3.703745401617125,,,TRP47,CE2,GLY49,N,A,3.714151450870037,,,
TRP47,CZ2,GLY49,CA,A,3.5016944469784907,,,TRP47,CZ2,GLY49,CA,A,3.5287286662479445,,,
TRP47,CZ2,GLY49,C,A,3.5967921819310047,,,TRP47,CZ2,GLY49,C,A,3.6084193215312435,,,
TRP47,NE1,GLY49,O,A,3.462787894168512,,,TRP47,NE1,GLY49,O,A,3.430888077451668,,,
TRP47,CZ2,VAL50,N,A,3.872061079063707,,,TRP47,CZ2,VAL50,N,A,3.8650292366293946,,,
TRP47,CZ2,VAL50,CG1,A,3.8001424973282245,,,TRP47,CZ2,VAL50,CG1,A,3.7676077290503587,,,
TRP47,CH2,ASP58,O,A,3.695773802602101,,,TRP47,OXT,ASP58,CA,A,3.7578341866588865,,,
TRP47,CZ3,TYR59,C,A,3.948949227326176,,,TRP47,OXT,ASP58,C,A,3.194918496,,,
TRP47,CZ3,ASN60,N,A,3.5558163619624676,,,TRP47,OXT,ASP58,O,A,3.1550429447286845,,,
TRP47,CZ3,ASN60,CA,A,3.8029663422123523,,,TRP47,OXT,ASP58,CB,A,3.100214104777645,,,
TRP47,O,ASN60,CB,A,3.5055369060958412,,,TRP47,OXT,TYR59,N,A,3.540811302789555,,,
TRP47,O,ASN60,CG,A,3.7011469843820035,,,TRP47,OXT,TYR59,CA,A,3.9339269145349225,,,
TRP47,O,ASN60,ND2,A,2.9410246513757756,,,TRP47,OXT,TYR59,C,A,3.760890360978669,,,
TRP47,CE3,ARG101,N,B,3.9617103629619366,,,TRP47,OXT,TYR59,O,A,3.902119506489039,,,
TRP47,CB,ARG101,O,B,3.6500854784511554,,,TRP47,CZ3,ASN60,N,A,3.5915357439401876,,,
TRP47,CG,ARG101,CB,B,3.804094898921424,,,TRP47,CZ3,ASN60,CA,A,3.842070925946058,,,
TRP47,CE2,ARG101,CD,B,3.396331108711281,,,TRP47,O,ASN60,CB,A,3.493817110267793,,,
TRP47,CZ2,ARG101,NH1,B,3.5801504158345088,,,TRP47,O,ASN60,CG,A,3.7000910799600604,,,
TRP47,CB,PHE103,CE1,B,3.9966679872113473,,,TRP47,O,ASN60,ND2,A,2.9404912854827514,,,
,,,,,,,,TRP47,CE3,PRO100,CB,B,3.7417422412560706,,,
,,,,,,,,TRP47,CE3,ARG101,N,B,3.6313644818442565,,,
,,,,,,,,TRP47,CB,ARG101,O,B,3.4914716095079457,,,
,,,,,,,,TRP47,CG,ARG101,CB,B,3.7086550122652286,,,
,,,,,,,,TRP47,CE2,ARG101,CG,B,3.989764153430626,,,
,,,,,,,,TRP47,NE1,ARG101,CD,B,3.571429965714013,,,
,,,,,,,,,,,,,,,,
,,,,,,,,,,,,,,,,
,UNIQUE RESIDUAL ATOMS    ,,,,,,,,,,,,,,,
1,NATIVE W47,,CHAIN,,,,,,,,,,,,,
,,,,,,,,,,,,,,,,
,Neighbor Res,Neighbor Atom,Chain,Distance (Ă…),,,,,,,,,,,,
,HIS35,ND1,A,3.0720717765052306,,,,,,,,,,,,
,HIS35,CE1,A,3.957474699855958,,,,,,,,,,,,
,PHE103,CE1,B,3.9966679872113473,,,,,,,,,,,,
,,,,,,,,,,,,,,,,
2,PTM W47,,,,,,,,,,,,,,,
,HIS35,CG,A,3.8819001790360343,,,,,,,,,,,,
,HIS35,CD2,A,3.077154204780774,,,,,,,,,,,,
,LEU48,CD1,A,3.463519164087301,,,,,,,,,,,,
,ASP58,CA,A,3.7578341866588865,,,,,,,,,,,,
,ASP58,C,A,3.194918496,,,,,,,,,,,,
,ASP58,O,A,3.1550429447286845,,,,,,,,,,,,
,ASP58,CB,A,3.100214104777645,,,,,,,,,,,,
,TYR59,N,A,3.540811302789555,,,,,,,,,,,,
,PRO100,CB,B,3.7417422412560706,,,,,,,,,,,,
,ARG101,CG,B,3.989764153430626,,,,,,,,,,,,
,,,,,,,,,,,,,,,,
,,,,,,,,,,,,,,,,
,,,,,,,,,,,,,,,,
,,,,,,,,,,,,,,,,
,,,,,,,,,,,,,,,,
Proximty analysis within 4Ă of native and PTM ASN 33,,,,,,,,,,,,,,,,
NATIVE (ASN33),,,,,,,,,PTM (ASP33),,,,,,,
,,,,,,,,,,,,,,,,
Source Res,Source Atom,Neighbor Res,Neighbor Atom,Chain,Distance (Ă…),,,,Source Res,Source Atom,Neighbor Res,Neighbor Atom,Chain,Distance (Ă…),,
ASN33,N,HIS31,C,B,3.0196148761058916,,,,ASP33,N,HIS31,C,B,3.030515632693552,modified_ptm_structure.cif,Modified PTM ASP33 Neighbors
ASN33,N,HIS31,O,B,3.0872541197640335,,,,ASP33,N,HIS31,O,B,3.1030523682335747,modified_ptm_structure.cif,Modified PTM ASP33 Neighbors
ASN33,OD1,HIS31,CB,B,3.2473399883597036,,,,ASP33,OD1,HIS31,CB,B,3.226772536141957,modified_ptm_structure.cif,Modified PTM ASP33 Neighbors
ASN33,OD1,HIS31,CG,B,3.530044050716648,,,,ASP33,OD1,HIS31,CG,B,3.4965597377994277,modified_ptm_structure.cif,Modified PTM ASP33 Neighbors
ASN33,N,HIS31,ND1,B,2.9756572383256787,,,,ASP33,N,HIS31,ND1,B,2.901400179223817,modified_ptm_structure.cif,Modified PTM ASP33 Neighbors
ASN33,ND2,HIS31,CE1,B,3.814250253981771,,,,ASP33,N,HIS31,CE1,B,3.810191333778397,modified_ptm_structure.cif,Modified PTM ASP33 Neighbors
ASN33,N,SER32,N,B,2.7097501729864324,,,,ASP33,N,SER32,N,B,2.716639652217422,modified_ptm_structure.cif,Modified PTM ASP33 Neighbors
ASN33,N,SER32,CA,B,2.431333996,,,,ASP33,N,SER32,CA,B,2.438801754960822,modified_ptm_structure.cif,Modified PTM ASP33 Neighbors
ASN33,N,SER32,C,B,1.3325182925573682,,,,ASP33,N,SER32,C,B,1.3271929023318345,modified_ptm_structure.cif,Modified PTM ASP33 Neighbors
ASN33,N,SER32,O,B,2.2506356879779537,,,,ASP33,N,SER32,O,B,2.250110663945221,modified_ptm_structure.cif,Modified PTM ASP33 Neighbors
ASN33,N,SER32,CB,B,3.3526438820727753,,,,ASP33,N,SER32,CB,B,3.353700195306669,modified_ptm_structure.cif,Modified PTM ASP33 Neighbors
ASN33,N,SER32,OG,B,3.2932102878498357,,,,ASP33,N,SER32,OG,B,3.2914012213645405,modified_ptm_structure.cif,Modified PTM ASP33 Neighbors
ASN33,C,GLY34,N,B,1.3341405473187598,,,,ASP33,C,GLY34,N,B,1.3348999962544004,modified_ptm_structure.cif,Modified PTM ASP33 Neighbors
ASN33,C,GLY34,CA,B,2.429493774431208,,,,ASP33,C,GLY34,CA,B,2.4331588521919403,modified_ptm_structure.cif,Modified PTM ASP33 Neighbors
ASN33,C,GLY34,C,B,3.356934464656705,,,,ASP33,C,GLY34,C,B,3.3601682993564475,modified_ptm_structure.cif,Modified PTM ASP33 Neighbors
ASN33,OD1,ASN35,N,B,2.858327308059733,,,,ASP33,OD1,ASN35,N,B,2.8373674418375914,modified_ptm_structure.cif,Modified PTM ASP33 Neighbors
ASN33,OD1,ASN35,CA,B,3.5852232845389143,,,,ASP33,OD1,ASN35,CA,B,3.5886423616738408,modified_ptm_structure.cif,Modified PTM ASP33 Neighbors
ASN33,OD1,ASN35,O,B,3.9583250245526833,,,,ASP33,OD1,ASN35,O,B,3.9288329055840494,modified_ptm_structure.cif,Modified PTM ASP33 Neighbors
ASN33,OD1,ASN35,CB,B,3.3371314028668393,,,,ASP33,OD1,ASN35,CB,B,3.3803689147783857,modified_ptm_structure.cif,Modified PTM ASP33 Neighbors
ASN33,OD1,ASN35,CG,B,3.8436703812892183,,,,ASP33,OD1,ASN35,CG,B,3.802803834015107,modified_ptm_structure.cif,Modified PTM ASP33 Neighbors
ASN33,OD1,ASN35,ND2,B,3.612550068857178,,,,ASP33,OD1,ASN35,OD1,B,3.5276911712903676,modified_ptm_structure.cif,Modified PTM ASP33 Neighbors
ASN33,ND2,TYR37,CE2,B,3.868832381998475,,,,ASP33,OD2,TYR37,CE2,B,3.5804829283212625,modified_ptm_structure.cif,Modified PTM ASP33 Neighbors
ASN33,ND2,TYR37,CZ,B,3.8499984415581263,,,,ASP33,OD2,TYR37,CZ,B,3.5857552900330494,modified_ptm_structure.cif,Modified PTM ASP33 Neighbors
ASN33,ND2,TYR37,OH,B,2.926898358,,,,ASP33,OD2,TYR37,OH,B,2.7175564391563243,modified_ptm_structure.cif,Modified PTM ASP33 Neighbors
,,,,,,,,,,,,,,,,
,,,,,,,,,,,,,,,,
,,,,,,,,,,,,,,,,
,,UNIQUE RESIDUAL ATOMS    ,,,,,,,,,,,,,,
,1,NATIVE N33,,,,,,,,,,,,,,
,,ASN35,ND2,B,3.612550068857178,,,,,,,,,,,
,,,,,,,,,,,,,,,,
,2,PTM D33,,,,,,,,,,,,,,
,,ASN35,OD1,B,3.5276911712903676,,,,,,,,,,,
